text,date
Youth unemployment remains a major challenge in Yaounde.,2025-09-08
The COVID-19 vaccination campaign in Cameroon has improved public health awareness.,2024-09-13
Hospitals in Cameroon reported shortage of medical equipment during the pandemic.,2020-12-23
Citizens expressed concern about security in the Far North region.,2023-10-24
Hospitals in Cameroon reported shortage of medical equipment during the pandemic.,2020-07-15
Hospitals in Cameroon reported shortage of medical equipment during the pandemic.,2023-10-09
The Anglophone crisis continues to affect schools in the Northwest region.,2025-11-15
Youth unemployment remains a major challenge in Yaounde.,2026-03-24
Small businesses are struggling due to rising inflation.,2020-06-16
Citizens expressed concern about security in the Far North region.,2020-09-30
Youth unemployment remains a major challenge in Yaounde.,2023-12-24
Citizens expressed concern about security in the Far North region.,2020-10-01
Fuel prices have increased again in Douala causing frustration among drivers.,2026-02-12
Fuel prices have increased again in Douala causing frustration among drivers.,2026-08-02
The Anglophone crisis continues to affect schools in the Northwest region.,2026-07-22
Government announced new economic reforms to stabilize the economy.,2025-05-01
Government announced new economic reforms to stabilize the economy.,2023-04-11
The COVID-19 vaccination campaign in Cameroon has improved public health awareness.,2024-12-26
Youth unemployment remains a major challenge in Yaounde.,2023-03-03
The COVID-19 vaccination campaign in Cameroon has improved public health awareness.,2025-10-04
The COVID-19 vaccination campaign in Cameroon has improved public health awareness.,2022-05-29
Fuel prices have increased again in Douala causing frustration among drivers.,2025-02-04
Government announced new economic reforms to stabilize the economy.,2024-04-16
Government announced new economic reforms to stabilize the economy.,2025-01-08
Government announced new economic reforms to stabilize the economy.,2025-04-06
Government announced new economic reforms to stabilize the economy.,2022-07-22
The COVID-19 vaccination campaign in Cameroon has improved public health awareness.,2020-02-16
Hospitals in Cameroon reported shortage of medical equipment during the pandemic.,2024-02-15
Entrepreneurs are embracing digital transformation in Cameroon.,2026-09-08
Government announced new economic reforms to stabilize the economy.,2020-01-24
Cameroon celebrated its victory in the Africa Cup of Nations qualifiers.,2021-11-28
The Anglophone crisis continues to affect schools in the Northwest region.,2023-02-15
Citizens expressed concern about security in the Far North region.,2024-03-27
Government announced new economic reforms to stabilize the economy.,2021-09-12
Small businesses are struggling due to rising inflation.,2021-09-24
The COVID-19 vaccination campaign in Cameroon has improved public health awareness.,2026-01-09
Small businesses are struggling due to rising inflation.,2021-12-27
Government announced new economic reforms to stabilize the economy.,2025-07-21
Youth unemployment remains a major challenge in Yaounde.,2020-08-15
The COVID-19 vaccination campaign in Cameroon has improved public health awareness.,2022-11-19
Fuel prices have increased again in Douala causing frustration among drivers.,2021-07-08
Small businesses are struggling due to rising inflation.,2024-05-24
Youth unemployment remains a major challenge in Yaounde.,2021-04-19
The COVID-19 vaccination campaign in Cameroon has improved public health awareness.,2020-05-31
Government announced new economic reforms to stabilize the economy.,2023-12-28
Youth unemployment remains a major challenge in Yaounde.,2021-01-07
The Anglophone crisis continues to affect schools in the Northwest region.,2024-11-29
Citizens expressed concern about security in the Far North region.,2025-06-24
Youth unemployment remains a major challenge in Yaounde.,2023-04-12
Entrepreneurs are embracing digital transformation in Cameroon.,2026-02-24
Hospitals in Cameroon reported shortage of medical equipment during the pandemic.,2020-02-20
Fuel prices have increased again in Douala causing frustration among drivers.,2025-06-21
Youth unemployment remains a major challenge in Yaounde.,2024-10-13
Small businesses are struggling due to rising inflation.,2024-12-10
The Anglophone crisis continues to affect schools in the Northwest region.,2023-06-01
Fuel prices have increased again in Douala causing frustration among drivers.,2021-08-29
Hospitals in Cameroon reported shortage of medical equipment during the pandemic.,2022-03-17
The Anglophone crisis continues to affect schools in the Northwest region.,2021-11-16
Hospitals in Cameroon reported shortage of medical equipment during the pandemic.,2026-09-22
Cameroon celebrated its victory in the Africa Cup of Nations qualifiers.,2021-11-07
The COVID-19 vaccination campaign in Cameroon has improved public health awareness.,2026-10-04
Citizens expressed concern about security in the Far North region.,2024-01-06
Government announced new economic reforms to stabilize the economy.,2020-01-22
Government announced new economic reforms to stabilize the economy.,2025-07-17
Fuel prices have increased again in Douala causing frustration among drivers.,2023-01-31
Hospitals in Cameroon reported shortage of medical equipment during the pandemic.,2021-03-05
Small businesses are struggling due to rising inflation.,2026-01-03
The Anglophone crisis continues to affect schools in the Northwest region.,2022-12-06
Cameroon celebrated its victory in the Africa Cup of Nations qualifiers.,2023-09-07
Youth unemployment remains a major challenge in Yaounde.,2020-03-10
Small businesses are struggling due to rising inflation.,2020-04-16
Youth unemployment remains a major challenge in Yaounde.,2025-03-03
Small businesses are struggling due to rising inflation.,2025-05-27
Citizens expressed concern about security in the Far North region.,2026-06-15
Youth unemployment remains a major challenge in Yaounde.,2024-10-08
Fuel prices have increased again in Douala causing frustration among drivers.,2024-08-02
Cameroon celebrated its victory in the Africa Cup of Nations qualifiers.,2022-09-23
Government announced new economic reforms to stabilize the economy.,2024-12-25
Entrepreneurs are embracing digital transformation in Cameroon.,2025-06-21
Government announced new economic reforms to stabilize the economy.,2024-08-23
Youth unemployment remains a major challenge in Yaounde.,2023-03-09
The COVID-19 vaccination campaign in Cameroon has improved public health awareness.,2021-05-17
Cameroon celebrated its victory in the Africa Cup of Nations qualifiers.,2023-09-19
The COVID-19 vaccination campaign in Cameroon has improved public health awareness.,2023-09-01
Youth unemployment remains a major challenge in Yaounde.,2026-07-27
Small businesses are struggling due to rising inflation.,2025-05-02
Fuel prices have increased again in Douala causing frustration among drivers.,2020-10-21
Hospitals in Cameroon reported shortage of medical equipment during the pandemic.,2025-05-20
Youth unemployment remains a major challenge in Yaounde.,2025-07-25
Cameroon celebrated its victory in the Africa Cup of Nations qualifiers.,2026-01-25
The COVID-19 vaccination campaign in Cameroon has improved public health awareness.,2020-09-05
Hospitals in Cameroon reported shortage of medical equipment during the pandemic.,2021-11-11
Cameroon celebrated its victory in the Africa Cup of Nations qualifiers.,2020-04-22
Small businesses are struggling due to rising inflation.,2022-01-23
The COVID-19 vaccination campaign in Cameroon has improved public health awareness.,2024-03-10
The Anglophone crisis continues to affect schools in the Northwest region.,2021-06-07
Hospitals in Cameroon reported shortage of medical equipment during the pandemic.,2026-08-22
Entrepreneurs are embracing digital transformation in Cameroon.,2024-12-14
Fuel prices have increased again in Douala causing frustration among drivers.,2024-05-09
The Anglophone crisis continues to affect schools in the Northwest region.,2022-04-05
The Anglophone crisis continues to affect schools in the Northwest region.,2025-03-28
Fuel prices have increased again in Douala causing frustration among drivers.,2020-04-20
Citizens expressed concern about security in the Far North region.,2020-06-07
Youth unemployment remains a major challenge in Yaounde.,2023-04-21
Citizens expressed concern about security in the Far North region.,2024-07-26
Government announced new economic reforms to stabilize the economy.,2020-11-09
Citizens expressed concern about security in the Far North region.,2023-12-27
Cameroon celebrated its victory in the Africa Cup of Nations qualifiers.,2021-01-31
Citizens expressed concern about security in the Far North region.,2023-05-04
Cameroon celebrated its victory in the Africa Cup of Nations qualifiers.,2025-11-03
Citizens expressed concern about security in the Far North region.,2026-08-23
The COVID-19 vaccination campaign in Cameroon has improved public health awareness.,2022-02-27
Youth unemployment remains a major challenge in Yaounde.,2020-08-16
Citizens expressed concern about security in the Far North region.,2022-04-03
Entrepreneurs are embracing digital transformation in Cameroon.,2025-11-03
Government announced new economic reforms to stabilize the economy.,2025-01-25
Cameroon celebrated its victory in the Africa Cup of Nations qualifiers.,2020-02-17
Hospitals in Cameroon reported shortage of medical equipment during the pandemic.,2024-10-03
Small businesses are struggling due to rising inflation.,2020-05-10
Government announced new economic reforms to stabilize the economy.,2026-05-21
Entrepreneurs are embracing digital transformation in Cameroon.,2024-11-02
The COVID-19 vaccination campaign in Cameroon has improved public health awareness.,2020-07-08
Government announced new economic reforms to stabilize the economy.,2025-12-15
Hospitals in Cameroon reported shortage of medical equipment during the pandemic.,2024-04-29
Small businesses are struggling due to rising inflation.,2026-11-18
Youth unemployment remains a major challenge in Yaounde.,2024-03-19
Entrepreneurs are embracing digital transformation in Cameroon.,2022-03-10
The COVID-19 vaccination campaign in Cameroon has improved public health awareness.,2021-05-07
The COVID-19 vaccination campaign in Cameroon has improved public health awareness.,2023-06-22
Government announced new economic reforms to stabilize the economy.,2023-07-10
Entrepreneurs are embracing digital transformation in Cameroon.,2026-11-29
Hospitals in Cameroon reported shortage of medical equipment during the pandemic.,2026-04-03
Citizens expressed concern about security in the Far North region.,2024-01-20
Entrepreneurs are embracing digital transformation in Cameroon.,2024-09-08
The COVID-19 vaccination campaign in Cameroon has improved public health awareness.,2026-03-05
Hospitals in Cameroon reported shortage of medical equipment during the pandemic.,2025-03-09
Entrepreneurs are embracing digital transformation in Cameroon.,2026-01-06
Government announced new economic reforms to stabilize the economy.,2024-09-16
Government announced new economic reforms to stabilize the economy.,2025-05-12
Hospitals in Cameroon reported shortage of medical equipment during the pandemic.,2025-08-21
Government announced new economic reforms to stabilize the economy.,2025-10-13
Fuel prices have increased again in Douala causing frustration among drivers.,2020-11-15
Small businesses are struggling due to rising inflation.,2022-05-17
Youth unemployment remains a major challenge in Yaounde.,2020-04-15
Citizens expressed concern about security in the Far North region.,2026-07-16
The COVID-19 vaccination campaign in Cameroon has improved public health awareness.,2025-02-01
Citizens expressed concern about security in the Far North region.,2022-12-27
The Anglophone crisis continues to affect schools in the Northwest region.,2023-11-13
Small businesses are struggling due to rising inflation.,2026-05-09
Cameroon celebrated its victory in the Africa Cup of Nations qualifiers.,2022-03-07
Hospitals in Cameroon reported shortage of medical equipment during the pandemic.,2025-12-10
Citizens expressed concern about security in the Far North region.,2020-08-19
Government announced new economic reforms to stabilize the economy.,2023-02-12
Small businesses are struggling due to rising inflation.,2020-09-30
Small businesses are struggling due to rising inflation.,2022-04-01
Small businesses are struggling due to rising inflation.,2021-09-21
Cameroon celebrated its victory in the Africa Cup of Nations qualifiers.,2021-04-01
Youth unemployment remains a major challenge in Yaounde.,2021-12-22
Government announced new economic reforms to stabilize the economy.,2024-02-05
Youth unemployment remains a major challenge in Yaounde.,2024-12-26
Youth unemployment remains a major challenge in Yaounde.,2025-10-02
Fuel prices have increased again in Douala causing frustration among drivers.,2024-01-18
Government announced new economic reforms to stabilize the economy.,2022-01-21
Small businesses are struggling due to rising inflation.,2021-04-10
Government announced new economic reforms to stabilize the economy.,2022-07-14
Youth unemployment remains a major challenge in Yaounde.,2023-05-29
Government announced new economic reforms to stabilize the economy.,2025-07-07
Government announced new economic reforms to stabilize the economy.,2024-10-17
Citizens expressed concern about security in the Far North region.,2024-10-31
Citizens expressed concern about security in the Far North region.,2026-06-29
Citizens expressed concern about security in the Far North region.,2024-03-31
Hospitals in Cameroon reported shortage of medical equipment during the pandemic.,2020-10-25
The Anglophone crisis continues to affect schools in the Northwest region.,2020-01-22
Entrepreneurs are embracing digital transformation in Cameroon.,2021-10-29
Government announced new economic reforms to stabilize the economy.,2021-08-05
Entrepreneurs are embracing digital transformation in Cameroon.,2021-10-18
Youth unemployment remains a major challenge in Yaounde.,2022-08-28
The COVID-19 vaccination campaign in Cameroon has improved public health awareness.,2023-01-05
Small businesses are struggling due to rising inflation.,2020-08-06
Cameroon celebrated its victory in the Africa Cup of Nations qualifiers.,2022-08-12
The COVID-19 vaccination campaign in Cameroon has improved public health awareness.,2026-08-08
Citizens expressed concern about security in the Far North region.,2021-07-07
Entrepreneurs are embracing digital transformation in Cameroon.,2023-03-27
The Anglophone crisis continues to affect schools in the Northwest region.,2024-06-01
Cameroon celebrated its victory in the Africa Cup of Nations qualifiers.,2021-12-09
Youth unemployment remains a major challenge in Yaounde.,2024-02-17
Youth unemployment remains a major challenge in Yaounde.,2022-09-09
Entrepreneurs are embracing digital transformation in Cameroon.,2020-04-27
The COVID-19 vaccination campaign in Cameroon has improved public health awareness.,2022-07-14
Small businesses are struggling due to rising inflation.,2020-04-02
The Anglophone crisis continues to affect schools in the Northwest region.,2021-06-26
Youth unemployment remains a major challenge in Yaounde.,2021-01-17
Hospitals in Cameroon reported shortage of medical equipment during the pandemic.,2025-05-16
Fuel prices have increased again in Douala causing frustration among drivers.,2024-03-07
Hospitals in Cameroon reported shortage of medical equipment during the pandemic.,2023-06-25
Hospitals in Cameroon reported shortage of medical equipment during the pandemic.,2020-08-31
Citizens expressed concern about security in the Far North region.,2023-03-21
Entrepreneurs are embracing digital transformation in Cameroon.,2026-10-24
Government announced new economic reforms to stabilize the economy.,2021-01-29
The Anglophone crisis continues to affect schools in the Northwest region.,2025-02-25
Youth unemployment remains a major challenge in Yaounde.,2024-03-01
Fuel prices have increased again in Douala causing frustration among drivers.,2022-05-03
The Anglophone crisis continues to affect schools in the Northwest region.,2023-06-03
Government announced new economic reforms to stabilize the economy.,2026-11-17
The COVID-19 vaccination campaign in Cameroon has improved public health awareness.,2024-12-19
Cameroon celebrated its victory in the Africa Cup of Nations qualifiers.,2021-05-29
The Anglophone crisis continues to affect schools in the Northwest region.,2024-01-21
Cameroon celebrated its victory in the Africa Cup of Nations qualifiers.,2026-10-11
Citizens expressed concern about security in the Far North region.,2025-05-23
The COVID-19 vaccination campaign in Cameroon has improved public health awareness.,2026-12-25
Cameroon celebrated its victory in the Africa Cup of Nations qualifiers.,2023-12-14
Government announced new economic reforms to stabilize the economy.,2024-01-10
Entrepreneurs are embracing digital transformation in Cameroon.,2022-10-02
Hospitals in Cameroon reported shortage of medical equipment during the pandemic.,2024-12-31
Cameroon celebrated its victory in the Africa Cup of Nations qualifiers.,2022-09-24
Cameroon celebrated its victory in the Africa Cup of Nations qualifiers.,2021-07-13
Hospitals in Cameroon reported shortage of medical equipment during the pandemic.,2023-08-31
Citizens expressed concern about security in the Far North region.,2024-06-04
Citizens expressed concern about security in the Far North region.,2020-07-29
Government announced new economic reforms to stabilize the economy.,2023-09-15
Citizens expressed concern about security in the Far North region.,2023-10-31
The COVID-19 vaccination campaign in Cameroon has improved public health awareness.,2022-12-23
Fuel prices have increased again in Douala causing frustration among drivers.,2021-11-04
Fuel prices have increased again in Douala causing frustration among drivers.,2024-09-27
Small businesses are struggling due to rising inflation.,2025-07-02
Fuel prices have increased again in Douala causing frustration among drivers.,2026-01-25
Government announced new economic reforms to stabilize the economy.,2020-02-04
Fuel prices have increased again in Douala causing frustration among drivers.,2022-08-21
Fuel prices have increased again in Douala causing frustration among drivers.,2025-05-27
Small businesses are struggling due to rising inflation.,2025-09-24
Small businesses are struggling due to rising inflation.,2021-06-23
Hospitals in Cameroon reported shortage of medical equipment during the pandemic.,2020-08-13
The COVID-19 vaccination campaign in Cameroon has improved public health awareness.,2020-03-21
Citizens expressed concern about security in the Far North region.,2020-01-03
The Anglophone crisis continues to affect schools in the Northwest region.,2021-05-02
Youth unemployment remains a major challenge in Yaounde.,2025-01-15
The COVID-19 vaccination campaign in Cameroon has improved public health awareness.,2026-10-04
Youth unemployment remains a major challenge in Yaounde.,2022-02-22
Entrepreneurs are embracing digital transformation in Cameroon.,2025-08-30
Cameroon celebrated its victory in the Africa Cup of Nations qualifiers.,2024-03-04
Citizens expressed concern about security in the Far North region.,2024-04-05
The COVID-19 vaccination campaign in Cameroon has improved public health awareness.,2024-10-16
Entrepreneurs are embracing digital transformation in Cameroon.,2021-08-06
Citizens expressed concern about security in the Far North region.,2022-04-26
Small businesses are struggling due to rising inflation.,2021-12-25
Entrepreneurs are embracing digital transformation in Cameroon.,2024-09-29
Cameroon celebrated its victory in the Africa Cup of Nations qualifiers.,2020-11-04
Citizens expressed concern about security in the Far North region.,2025-08-03
Cameroon celebrated its victory in the Africa Cup of Nations qualifiers.,2023-09-06
Hospitals in Cameroon reported shortage of medical equipment during the pandemic.,2021-04-17
Citizens expressed concern about security in the Far North region.,2020-10-02
Youth unemployment remains a major challenge in Yaounde.,2021-01-13
Youth unemployment remains a major challenge in Yaounde.,2024-09-22
Hospitals in Cameroon reported shortage of medical equipment during the pandemic.,2025-03-16
Hospitals in Cameroon reported shortage of medical equipment during the pandemic.,2020-03-27
Entrepreneurs are embracing digital transformation in Cameroon.,2026-04-03
The COVID-19 vaccination campaign in Cameroon has improved public health awareness.,2026-06-16
Small businesses are struggling due to rising inflation.,2024-03-22
Cameroon celebrated its victory in the Africa Cup of Nations qualifiers.,2021-07-05
The Anglophone crisis continues to affect schools in the Northwest region.,2024-06-12
The COVID-19 vaccination campaign in Cameroon has improved public health awareness.,2021-06-21
Cameroon celebrated its victory in the Africa Cup of Nations qualifiers.,2024-06-11
Citizens expressed concern about security in the Far North region.,2026-09-19
Hospitals in Cameroon reported shortage of medical equipment during the pandemic.,2024-05-18
Fuel prices have increased again in Douala causing frustration among drivers.,2021-11-20
The COVID-19 vaccination campaign in Cameroon has improved public health awareness.,2020-10-31
Citizens expressed concern about security in the Far North region.,2024-10-04
Youth unemployment remains a major challenge in Yaounde.,2026-01-01
Government announced new economic reforms to stabilize the economy.,2026-06-25
Youth unemployment remains a major challenge in Yaounde.,2020-08-08
Small businesses are struggling due to rising inflation.,2020-01-20
Small businesses are struggling due to rising inflation.,2020-03-19
Hospitals in Cameroon reported shortage of medical equipment during the pandemic.,2024-11-09
Cameroon celebrated its victory in the Africa Cup of Nations qualifiers.,2022-04-13
Youth unemployment remains a major challenge in Yaounde.,2024-06-07
Hospitals in Cameroon reported shortage of medical equipment during the pandemic.,2025-11-28
Youth unemployment remains a major challenge in Yaounde.,2023-04-09
Hospitals in Cameroon reported shortage of medical equipment during the pandemic.,2023-07-17
The COVID-19 vaccination campaign in Cameroon has improved public health awareness.,2025-06-27
Fuel prices have increased again in Douala causing frustration among drivers.,2021-12-30
Government announced new economic reforms to stabilize the economy.,2023-07-31
Citizens expressed concern about security in the Far North region.,2024-02-29
Entrepreneurs are embracing digital transformation in Cameroon.,2022-07-28
Youth unemployment remains a major challenge in Yaounde.,2026-08-20
Small businesses are struggling due to rising inflation.,2020-11-18
Youth unemployment remains a major challenge in Yaounde.,2026-06-09
Fuel prices have increased again in Douala causing frustration among drivers.,2024-08-15
Hospitals in Cameroon reported shortage of medical equipment during the pandemic.,2023-09-19
The Anglophone crisis continues to affect schools in the Northwest region.,2023-04-07
Government announced new economic reforms to stabilize the economy.,2021-04-14
Youth unemployment remains a major challenge in Yaounde.,2024-11-11
Cameroon celebrated its victory in the Africa Cup of Nations qualifiers.,2025-02-07
Citizens expressed concern about security in the Far North region.,2021-07-21
Small businesses are struggling due to rising inflation.,2025-03-14
Entrepreneurs are embracing digital transformation in Cameroon.,2025-04-19
Fuel prices have increased again in Douala causing frustration among drivers.,2022-02-04
Citizens expressed concern about security in the Far North region.,2023-03-24
Cameroon celebrated its victory in the Africa Cup of Nations qualifiers.,2020-04-27
Citizens expressed concern about security in the Far North region.,2020-05-03
The COVID-19 vaccination campaign in Cameroon has improved public health awareness.,2024-03-14
Small businesses are struggling due to rising inflation.,2025-06-03
Cameroon celebrated its victory in the Africa Cup of Nations qualifiers.,2022-06-01
Cameroon celebrated its victory in the Africa Cup of Nations qualifiers.,2022-08-12
Cameroon celebrated its victory in the Africa Cup of Nations qualifiers.,2021-07-24
Hospitals in Cameroon reported shortage of medical equipment during the pandemic.,2022-01-21
Cameroon celebrated its victory in the Africa Cup of Nations qualifiers.,2021-10-01
The Anglophone crisis continues to affect schools in the Northwest region.,2026-10-30
The Anglophone crisis continues to affect schools in the Northwest region.,2025-07-15
Fuel prices have increased again in Douala causing frustration among drivers.,2022-01-30
Fuel prices have increased again in Douala causing frustration among drivers.,2024-06-06
Small businesses are struggling due to rising inflation.,2026-02-13
Government announced new economic reforms to stabilize the economy.,2021-12-15
Entrepreneurs are embracing digital transformation in Cameroon.,2023-11-29
Government announced new economic reforms to stabilize the economy.,2022-12-09
Entrepreneurs are embracing digital transformation in Cameroon.,2023-06-07
Government announced new economic reforms to stabilize the economy.,2023-05-31
Fuel prices have increased again in Douala causing frustration among drivers.,2021-10-24
Small businesses are struggling due to rising inflation.,2025-08-25
Government announced new economic reforms to stabilize the economy.,2026-12-16
Small businesses are struggling due to rising inflation.,2020-08-08
The Anglophone crisis continues to affect schools in the Northwest region.,2024-09-29
Youth unemployment remains a major challenge in Yaounde.,2025-04-27
Hospitals in Cameroon reported shortage of medical equipment during the pandemic.,2023-08-10
Citizens expressed concern about security in the Far North region.,2021-09-26
Government announced new economic reforms to stabilize the economy.,2025-11-15
The COVID-19 vaccination campaign in Cameroon has improved public health awareness.,2023-01-28
Citizens expressed concern about security in the Far North region.,2022-11-21
Fuel prices have increased again in Douala causing frustration among drivers.,2026-08-10
Citizens expressed concern about security in the Far North region.,2021-05-21
Hospitals in Cameroon reported shortage of medical equipment during the pandemic.,2024-11-10
Government announced new economic reforms to stabilize the economy.,2024-07-23
Youth unemployment remains a major challenge in Yaounde.,2020-05-16
Fuel prices have increased again in Douala causing frustration among drivers.,2023-09-29
Government announced new economic reforms to stabilize the economy.,2025-04-28
Youth unemployment remains a major challenge in Yaounde.,2025-07-20
Citizens expressed concern about security in the Far North region.,2026-05-28
The COVID-19 vaccination campaign in Cameroon has improved public health awareness.,2021-05-07
Small businesses are struggling due to rising inflation.,2026-02-21
Government announced new economic reforms to stabilize the economy.,2020-03-27
Cameroon celebrated its victory in the Africa Cup of Nations qualifiers.,2024-05-12
Citizens expressed concern about security in the Far North region.,2022-03-12
The Anglophone crisis continues to affect schools in the Northwest region.,2026-07-20
Small businesses are struggling due to rising inflation.,2023-12-01
Citizens expressed concern about security in the Far North region.,2021-05-15
Hospitals in Cameroon reported shortage of medical equipment during the pandemic.,2025-04-12
Citizens expressed concern about security in the Far North region.,2025-08-31
The Anglophone crisis continues to affect schools in the Northwest region.,2024-05-15
The COVID-19 vaccination campaign in Cameroon has improved public health awareness.,2024-07-11
Youth unemployment remains a major challenge in Yaounde.,2023-07-25
Youth unemployment remains a major challenge in Yaounde.,2020-11-15
Entrepreneurs are embracing digital transformation in Cameroon.,2022-08-04
Citizens expressed concern about security in the Far North region.,2022-06-13
Entrepreneurs are embracing digital transformation in Cameroon.,2022-12-04
The Anglophone crisis continues to affect schools in the Northwest region.,2021-08-20
The COVID-19 vaccination campaign in Cameroon has improved public health awareness.,2025-05-20
Citizens expressed concern about security in the Far North region.,2026-11-30
Fuel prices have increased again in Douala causing frustration among drivers.,2021-10-02
Fuel prices have increased again in Douala causing frustration among drivers.,2021-03-19
Small businesses are struggling due to rising inflation.,2022-06-11
The COVID-19 vaccination campaign in Cameroon has improved public health awareness.,2025-10-24
The Anglophone crisis continues to affect schools in the Northwest region.,2024-02-15
Cameroon celebrated its victory in the Africa Cup of Nations qualifiers.,2022-07-20
Hospitals in Cameroon reported shortage of medical equipment during the pandemic.,2026-09-08
Hospitals in Cameroon reported shortage of medical equipment during the pandemic.,2021-04-16
Hospitals in Cameroon reported shortage of medical equipment during the pandemic.,2022-09-12
Government announced new economic reforms to stabilize the economy.,2026-05-02
Government announced new economic reforms to stabilize the economy.,2025-07-12
Fuel prices have increased again in Douala causing frustration among drivers.,2022-11-24
Government announced new economic reforms to stabilize the economy.,2022-11-01
Hospitals in Cameroon reported shortage of medical equipment during the pandemic.,2025-05-10
Fuel prices have increased again in Douala causing frustration among drivers.,2025-04-27
Small businesses are struggling due to rising inflation.,2020-10-07
Citizens expressed concern about security in the Far North region.,2022-11-10
The COVID-19 vaccination campaign in Cameroon has improved public health awareness.,2020-12-30
Fuel prices have increased again in Douala causing frustration among drivers.,2020-06-04
Youth unemployment remains a major challenge in Yaounde.,2021-01-31
Cameroon celebrated its victory in the Africa Cup of Nations qualifiers.,2024-11-15
The COVID-19 vaccination campaign in Cameroon has improved public health awareness.,2026-04-16
The COVID-19 vaccination campaign in Cameroon has improved public health awareness.,2023-08-05
Small businesses are struggling due to rising inflation.,2024-05-14
Citizens expressed concern about security in the Far North region.,2024-07-01
Entrepreneurs are embracing digital transformation in Cameroon.,2022-02-12
Government announced new economic reforms to stabilize the economy.,2024-06-21
Fuel prices have increased again in Douala causing frustration among drivers.,2021-07-28
Hospitals in Cameroon reported shortage of medical equipment during the pandemic.,2026-04-25
The Anglophone crisis continues to affect schools in the Northwest region.,2020-05-06
Hospitals in Cameroon reported shortage of medical equipment during the pandemic.,2021-10-07
Entrepreneurs are embracing digital transformation in Cameroon.,2025-03-14
Government announced new economic reforms to stabilize the economy.,2021-09-13
Youth unemployment remains a major challenge in Yaounde.,2025-06-23
The Anglophone crisis continues to affect schools in the Northwest region.,2021-07-04
Cameroon celebrated its victory in the Africa Cup of Nations qualifiers.,2022-11-25
Youth unemployment remains a major challenge in Yaounde.,2022-06-03
Hospitals in Cameroon reported shortage of medical equipment during the pandemic.,2023-04-10
Citizens expressed concern about security in the Far North region.,2023-11-24
Small businesses are struggling due to rising inflation.,2023-07-12
The COVID-19 vaccination campaign in Cameroon has improved public health awareness.,2025-06-27
The COVID-19 vaccination campaign in Cameroon has improved public health awareness.,2026-01-20
The COVID-19 vaccination campaign in Cameroon has improved public health awareness.,2026-04-08
The COVID-19 vaccination campaign in Cameroon has improved public health awareness.,2021-12-24
The COVID-19 vaccination campaign in Cameroon has improved public health awareness.,2022-12-18
Government announced new economic reforms to stabilize the economy.,2022-05-07
Hospitals in Cameroon reported shortage of medical equipment during the pandemic.,2025-09-20
Government announced new economic reforms to stabilize the economy.,2020-05-28
Government announced new economic reforms to stabilize the economy.,2026-05-06
Entrepreneurs are embracing digital transformation in Cameroon.,2023-09-24
Government announced new economic reforms to stabilize the economy.,2020-11-19
Cameroon celebrated its victory in the Africa Cup of Nations qualifiers.,2021-02-25
The COVID-19 vaccination campaign in Cameroon has improved public health awareness.,2021-11-05
Entrepreneurs are embracing digital transformation in Cameroon.,2022-09-03
Youth unemployment remains a major challenge in Yaounde.,2025-08-05
Government announced new economic reforms to stabilize the economy.,2026-10-30
Small businesses are struggling due to rising inflation.,2026-12-28
Entrepreneurs are embracing digital transformation in Cameroon.,2024-09-01
Fuel prices have increased again in Douala causing frustration among drivers.,2023-08-07
Cameroon celebrated its victory in the Africa Cup of Nations qualifiers.,2026-09-14
Youth unemployment remains a major challenge in Yaounde.,2021-09-23
The Anglophone crisis continues to affect schools in the Northwest region.,2025-12-08
The COVID-19 vaccination campaign in Cameroon has improved public health awareness.,2022-07-13
Government announced new economic reforms to stabilize the economy.,2023-08-26
Youth unemployment remains a major challenge in Yaounde.,2021-03-05
Fuel prices have increased again in Douala causing frustration among drivers.,2020-12-21
Fuel prices have increased again in Douala causing frustration among drivers.,2024-02-05
Fuel prices have increased again in Douala causing frustration among drivers.,2025-03-01
Fuel prices have increased again in Douala causing frustration among drivers.,2020-12-24
The Anglophone crisis continues to affect schools in the Northwest region.,2020-09-20
The COVID-19 vaccination campaign in Cameroon has improved public health awareness.,2025-04-28
Fuel prices have increased again in Douala causing frustration among drivers.,2023-07-09
The COVID-19 vaccination campaign in Cameroon has improved public health awareness.,2023-06-02
Government announced new economic reforms to stabilize the economy.,2020-11-13
Hospitals in Cameroon reported shortage of medical equipment during the pandemic.,2021-02-19
The COVID-19 vaccination campaign in Cameroon has improved public health awareness.,2020-07-25
Entrepreneurs are embracing digital transformation in Cameroon.,2025-04-07
Hospitals in Cameroon reported shortage of medical equipment during the pandemic.,2022-04-18
Youth unemployment remains a major challenge in Yaounde.,2024-12-16
Entrepreneurs are embracing digital transformation in Cameroon.,2026-12-10
The Anglophone crisis continues to affect schools in the Northwest region.,2023-12-15
Entrepreneurs are embracing digital transformation in Cameroon.,2025-08-24
Fuel prices have increased again in Douala causing frustration among drivers.,2025-03-30
Government announced new economic reforms to stabilize the economy.,2024-07-08
Entrepreneurs are embracing digital transformation in Cameroon.,2025-01-21
Hospitals in Cameroon reported shortage of medical equipment during the pandemic.,2021-10-12
Entrepreneurs are embracing digital transformation in Cameroon.,2020-07-22
Youth unemployment remains a major challenge in Yaounde.,2024-01-14
Government announced new economic reforms to stabilize the economy.,2020-07-12
The COVID-19 vaccination campaign in Cameroon has improved public health awareness.,2025-10-10
Entrepreneurs are embracing digital transformation in Cameroon.,2023-08-25
Citizens expressed concern about security in the Far North region.,2020-09-22
The COVID-19 vaccination campaign in Cameroon has improved public health awareness.,2026-10-04
Youth unemployment remains a major challenge in Yaounde.,2022-09-03
Small businesses are struggling due to rising inflation.,2026-09-28
The Anglophone crisis continues to affect schools in the Northwest region.,2021-08-17
Citizens expressed concern about security in the Far North region.,2022-12-31
Fuel prices have increased again in Douala causing frustration among drivers.,2026-09-29
Government announced new economic reforms to stabilize the economy.,2021-03-03
Fuel prices have increased again in Douala causing frustration among drivers.,2021-01-25
Youth unemployment remains a major challenge in Yaounde.,2022-01-01
Cameroon celebrated its victory in the Africa Cup of Nations qualifiers.,2021-01-25
Citizens expressed concern about security in the Far North region.,2020-12-26
Entrepreneurs are embracing digital transformation in Cameroon.,2023-10-17
Youth unemployment remains a major challenge in Yaounde.,2025-02-17
Fuel prices have increased again in Douala causing frustration among drivers.,2022-05-09
Cameroon celebrated its victory in the Africa Cup of Nations qualifiers.,2021-03-25
Small businesses are struggling due to rising inflation.,2026-01-14
Small businesses are struggling due to rising inflation.,2024-05-30
Small businesses are struggling due to rising inflation.,2025-12-25
The COVID-19 vaccination campaign in Cameroon has improved public health awareness.,2022-11-24
Citizens expressed concern about security in the Far North region.,2024-12-28
Small businesses are struggling due to rising inflation.,2020-01-13
Government announced new economic reforms to stabilize the economy.,2021-01-11
Fuel prices have increased again in Douala causing frustration among drivers.,2023-04-13
Fuel prices have increased again in Douala causing frustration among drivers.,2022-08-31
The Anglophone crisis continues to affect schools in the Northwest region.,2023-12-17
The COVID-19 vaccination campaign in Cameroon has improved public health awareness.,2020-08-18
Hospitals in Cameroon reported shortage of medical equipment during the pandemic.,2021-10-11
Citizens expressed concern about security in the Far North region.,2020-04-26
Youth unemployment remains a major challenge in Yaounde.,2023-04-21
Government announced new economic reforms to stabilize the economy.,2025-09-03
Government announced new economic reforms to stabilize the economy.,2021-12-30
Citizens expressed concern about security in the Far North region.,2026-05-19
Hospitals in Cameroon reported shortage of medical equipment during the pandemic.,2021-03-06
Hospitals in Cameroon reported shortage of medical equipment during the pandemic.,2024-09-14
Cameroon celebrated its victory in the Africa Cup of Nations qualifiers.,2026-11-07
Small businesses are struggling due to rising inflation.,2020-04-23
The Anglophone crisis continues to affect schools in the Northwest region.,2023-10-22
Small businesses are struggling due to rising inflation.,2026-06-28
The Anglophone crisis continues to affect schools in the Northwest region.,2026-05-29
Citizens expressed concern about security in the Far North region.,2023-04-06
Fuel prices have increased again in Douala causing frustration among drivers.,2020-01-25
Hospitals in Cameroon reported shortage of medical equipment during the pandemic.,2021-07-15
Cameroon celebrated its victory in the Africa Cup of Nations qualifiers.,2024-09-01
The Anglophone crisis continues to affect schools in the Northwest region.,2023-08-01
Small businesses are struggling due to rising inflation.,2026-04-30
The Anglophone crisis continues to affect schools in the Northwest region.,2022-11-25
Cameroon celebrated its victory in the Africa Cup of Nations qualifiers.,2020-03-02
Fuel prices have increased again in Douala causing frustration among drivers.,2023-02-03
Entrepreneurs are embracing digital transformation in Cameroon.,2023-10-03
Youth unemployment remains a major challenge in Yaounde.,2023-09-18
Fuel prices have increased again in Douala causing frustration among drivers.,2024-07-27
Cameroon celebrated its victory in the Africa Cup of Nations qualifiers.,2023-09-30
